Critics,Organization,Reviews,Review Date,Score Over 10
Cody Leach,Cody Leach (YouTube),"Dune Part Two is bigger in almost every way. The visual effects, sound design, and production as a whole is immaculate. Narratively, it does feel a bit too unresolved by the end for my taste but hopefully Dune: Messiah comes sooner rather than later.","Mar 26, 2024",8.0
Susan Granger,SSG Syndicate,"Visually stunning yet sterile - with an emphasis on action, as opposed to exposition and character-development, resulting in a shallow, self-important sequel.","Mar 24, 2024",6.0
Jeff Ewing,Humanoids from the Deep Dive Podcast,"""Dune is a stunning, sweeping epic with a cast in command of their roles [...] Part Two really cements Dune as one of our greatest modern examples of epic genre worldbuilding.""","Mar 21, 2024",9.0
Sarah Knight Adamson,Sarah's Backstage Pass,"With an engaging story, a cast at their very best, along with stunning visuals, this is a masterpiece---as with the Oscar-winning first installment, Villeneuve shows visual mastery of, impressive cinematography, while maintaining an emotional heartbeat.","Mar 18, 2024",10.0
Gavin Spoors,Mediaversity Reviews,"Dune: Part Two improves upon its predecessor, thanks to a bigger focus on the Fremen, but its inclusiveness is still watered down.","Mar 18, 2024",7.6
Reginald Ponder,vocalo.org,“Dune: Part Two” is the type of film that will engross you with its beauty and complexity yet might confuse you at the same time. It is an epic tale worthy of the big-screen experience.,"Mar 17, 2024",8.75
Filipe Freitas,Always Good Movies,"Directed with ferocity by Denis Villeneuve, the film pushes the envelope with its gripping dark atmosphere, suspenseful hunts and ambushes, intricate rituals and prophecies, psychedelic imagery, and exhilarating fights set against magnificent backdrops.","Mar 15, 2024",9.0
Marie Asner,Phantom Tollbooth,"Denis Villeneuve is the director of this massive undertaking... Also, on board here is composer Hans Zimmer with his unforgettable background music and Greig Fraser as the cinematographer who gets those gigantic sand worms into action.","Mar 14, 2024",8.0
Edwin Arnaudin,Asheville Movies,"Tonally inconsistent, this second chapter rarely feels like a Villeneuve film.","Mar 14, 2024",6.8
Jeffrey Zhang,Strange Harbors,"Collides dense sci-fi imagemaking with Herbert’s heady and prescient themes: the gravity of manufactured destiny, the untamable tendrils of belief, and a harrowing subversion of the hero’s journey.","Mar 14, 2024",8.8
tt stern-enzi,"WXIX-TV (Cincinnati, OH)",This was the best adaptation of a book that I've ever seen.,"Mar 12, 2024",9.2
Paul Salfen,AMFM Magazine,An incredible sci-fi epic that well surpasses the first part and achieves on every level. This might be the best sci-fi film we've had in many years and will likely be one of the best films of the year.,"Mar 12, 2024",9.5
Joshua Tyler,Giant Freakin Robot,Dune feels without tears. Dune speaks without words.,"Mar 12, 2024",10.0
Jackie K. Cooper,jackiekcooper.com,"Epic visually, but the story is still hard to follow if you have not read the book.","Mar 11, 2024",6.0
Víctor López G.,Espinof,"With his second foray into Frank Herbert's universe, Denis Villeneuve has once again crafted a cinematic juggernaut designed to be seen on the biggest screen and heard through the most powerful sound system possible.","Mar 11, 2024",9.0
Robert Roten,Laramie Movie Scope,"The genius of the author, Herbert, and now the director, Villeneuve, is to weave all this complexity into an easily understood, and compelling story. It's been tried before, but this is the first time it has really worked.","Mar 10, 2024",8.4
MaryAnn Johanson,Flick Filosopher,"Ugly, outrageous, brutal, and cynical; a genuinely terrifying film about power and politics as religion and control. There is little escapism here; hits square in the social plexus of horrifying 2024.","Mar 9, 2024",9.0
Joe Friar,Fort Worth Report,"Like George Lucas and Ridley Scott, filmmaker Denis Villeneuve proves himself a visionary by delivering one of the greatest science fiction films of all time.","Mar 9, 2024",10.0
Tim Brayton,Alternate Ending,"Where it really comes into its own as a hugely satisfying Hollywood sci-fi epic is in the action-adventure material, which is also backloaded, so the very long film seems to keep getting bigger and richer as it goes along.","Mar 9, 2024",8.0
Walter Chaw,Film Freak Central,"Like its predecessor, Dune Part Two is gorgeously filmed and prodigiously imagined.","Mar 9, 2024",10.0
Margot Harrison,Seven Days (VT),"The film's real center of gravity is its spectacle, the craft with which Villeneuve and his crew depict Herbert's stupendously complex worlds.","Mar 8, 2024",7.0
Tony Baker,Tony Baker Comedy,It's impressive filmmaking.,"Mar 8, 2024",9.0
Dwight Brown,DwightBrownInk.com,An epic and spectacular sci-fi allegory with mass appeal.,"Mar 8, 2024",8.75
Graeme Tuckett,Stuff.co.nz,"Whether you think you're interested in a sci-fi or not, this is a powerful and quite beautiful reminder of what a stunning medium cinema can still be, when enough ambition, intelligence, artistry – and money – all come together in the same place. Bravo.","Mar 8, 2024",9.0
Adam Kempenaar,Filmspotting,You know Villeneuve will get the spectacle right. The question is about the human drama… It almost all connected in Part Two.,"Mar 8, 2024",5.0
Matt Hudson,What I Watched Tonight,"I did not watch Dune: Part Two, I experienced it. From the beautiful majesty of its visuals to the awe-inspiring sound design and the fantastic production design, this film was an absolute joy to behold.","Mar 8, 2024",10.0
Jeremy Aspinall,Radio Times,"As with the Oscar-winning first instalment, Villeneuve shows mastery of scale and scope, with stunning cinematography and a thumping score from Hans Zimmer.","Mar 7, 2024",8.0
Callum Crumlish,Daily Express (UK),"This is easily Zendaya's best on-screen performance to date, and her future in the series will no doubt expand into further joy.","Mar 7, 2024",10.0
Pablo Villaça,Cinema em Cena,The picture doesn´t ignore the Orientalism described by Edward Said in its own approach and how this influences the viewer's perception of the characters no matter how much the film tries to avoid those pitfalls. [Full review in Portuguese],"Mar 7, 2024",8.0
Dennis Schwartz,Dennis Schwartz Movie Reviews,Epic sci-fi film.,"Mar 7, 2024",9.2
Rob Dean,Bullz-Eye.com,"Dune: Part Two is the real deal in terms of sci-fi epics, and will probably end up being one of the most defining films of the genre for the next decade to come. It’s a tremendous work and stunning sequel that is simply unparalleled.","Mar 6, 2024",9.0
Chance Solem-Pfeifer,Willamette Week,"It’s curious to say that a two-hour, 45-minute epic of this tonnage is holding something back, but Villeneuve is (once again) just as interested in prophesying the next film as he is in cementing the current one.","Mar 6, 2024",7.5
Chris Hewitt,Minneapolis Star Tribune,"As in all of these sci-fi epics, there are plenty of scenes in which computer-generated characters drive computer-generated vehicles past computer-generated backdrops but, in ""Dune,"" it feels human, slightly messy and organic.","Mar 6, 2024",8.75
Lauren Veneziani,DC Film Girl,"DUNE: PART TWO is an exceptional cinematic achievement in storytelling from Denis Villeneuve with a completely memorable score from Hans Zimmer and electric performances from Timothee Chalamet, Zendaya, Rebecca Ferguson and Austin Butler.","Mar 6, 2024",10.0
Dan Buffa,Ramble On With Buffa (Substack),"I still don’t love the material or the movies-but I recommend the sequel based on its kinetic first act, overall cast potency, thrilling sound, and overall satisfying qualities.","Mar 5, 2024",8.0
Chris Sawin,Bounding Into Comics,"Impeccably shot, superb visual effects, and dripping with mostly strong performances from its entire cast, Villnueve’s latest will have you almost entirely invested in the dry, twisty, and monochromatic sci-fi drama for nearly all of its three hours.","Mar 5, 2024",7.0
Bruce R. Miller,Sioux City Journal,"Villeneuve conjures memories of “Lawrence of Arabia” more than once and gets some gorgeous visuals just holding on untouched sand dunes. When he introduces those worms, the action heats up and Chalamet gets to ride to glory.","Mar 5, 2024",10.0
Yago García,Cinemanía (Spain),"Is Villeneuve's Dune a flawless adaptation? Not at all, nor is it a film free of blemishes. But it is one that solves its difficulties with finesse, and that stands out when it refuses to give in to the easy epic. [Full review in Spanish]","Mar 5, 2024",8.0
Abbie Bernstein,Assignment X,"Dune: Part Two is undeniably spectacular. Whether and how much one is moved by that spectacle depends on large part on what else, if anything, the viewer wants from it.","Mar 5, 2024",8.4
Britany Murphy,Muses of Media,"With an unforgettable score, vivid visuals, and powerful performances, Dune: Part Two is what a sci-fi epic should be.","Mar 5, 2024",7.5
Shah Shahid,Nerdspin,"Dune: Part Two works as an epic conclusion to the introduction in the first Dune. Part Two works better as the conclusion, experiencing as one cohesive story rather than two parts of one whole.","Mar 5, 2024",9.2
Mark Jackson,Epoch Times,"The first ""Dune"" was fun; the follow-up no longer has the element of surprise and falls flat as a desert mouse getting steamrollered by a giant sand worm.","Mar 5, 2024",5.0
Nicholas Bell,Fish Jelly Films (YouTube),"Finally, DUNE takes proper cinematic shape as the glorious sci-fi soap opera metaphor intended by Frank Herbert in Villeneuve's continuation, although its most potent offerings exist in the periphery.","Mar 4, 2024",7.0
Benjamín Harguindey,EscribiendoCine,"In terms of settling the various pending accounts of the first part, as well as introducing and resolving the second part, the film performs satisfactorily despite the occasional anticlimax... [Full review in Spanish]","Mar 4, 2024",9.0
Victor Pineyro,Seventh Art Studio,"I'll be telling my kids about the day I went to the theatre and watched the ""Dune"" saga. A celebration of human imagination, from its serious reflections to its wildest ideas. A cinematographic feat. [Full review in Spanish]","Mar 4, 2024",10.0
Nick Hasted,The Arts Desk,"In a genre once jokingly called space opera, its grand aristocratic dynasties and passions justify the term.","Mar 4, 2024",8.0
Tom Shone,Sunday Times (UK),"This movie displays all manner of magnificence — black suns and 800mph winds, sandstorm assassins and massive stone ziggurats, all in a palette of grey and beige like a Mesopotamian temple renovated by Jasper Conran.","Mar 4, 2024",8.0
Jordan Ruimy,World of Reel,"The result is a staggering statement of near biblical approach — a risk-taking endeavor to storytelling that threatens to derail at any minute, but is kept whole by Villeneuve’s smartly conceived narrative.","Mar 4, 2024",8.4
Aglaia Berlutti,El estímulo,"The recently released sequel ""Dune: Part Two"" is a large-scale visual and narrative contribution to the science fiction genre. Much more, it is a sophisticated twist on the Messiah cliché. All in a breathtakingly majestic setting. [Full Review in Spanish","Mar 4, 2024",9.6
Sebastian Zavala Kahn,Me gusta el cine,"A major blockbuster that tells us a lot about colonisation, cultural appropriation, religious fervour, and the way we perceive our leaders. I liked “Dune: Part 2” even more than its predecessor. Full review in Spanish.","Mar 4, 2024",9.0
Taylor Baker,Drink in the Movies,"When the film centers on real locations and real structures and props Greig Fraser’s cinematography and Villeneuve’s vision come through clearly. Unfortunately, the film is heavily reliant on visual effects that often look poor at best.","Mar 4, 2024",5.0
Michael Ward,Should I See It,"There is so much to admire and praise here, Dune: Part Two is too big to ignore and a major cinematic event.","Mar 3, 2024",8.0
Sara Michelle Fetters,MovieFreak.com,"The film is all exhilarating buildup leading to an unsatisfactory, and even somewhat perfunctory, payoff.","Mar 3, 2024",6.25
Wendy Ide,Observer (UK),"The second Dune instalment is jaw-on-the-floor spectacular. It elegantly weaves together top-tier special effects and arresting cinematography; it layers muscle, sinew and savagery on to the bones of Part One.","Mar 3, 2024",8.0
Anthony Morris,ScreenHub,"Overwhelming visuals and a pummeling score work hard to give this a constant bone-deep sense of profundity and meaning, even where the story itself is just a series of rebel attacks on farm trucks","Mar 3, 2024",8.0
Kit Stone,Hue Watched It,"Dune: Part Two not only lives up to its anticipation but also sets a high bar for epic storytelling, leaving audiences craving more.","Mar 3, 2024",10.0
Jeanine T. Abraham,VisAbleBlackwoman (Medium),"The special effects are spectacular; the costumes are arresting. Makeup and sets are out of this world. All the actors did a fine job, and I loved the dynamic between Chani and Paul.","Mar 2, 2024",9.0
Michael Cook,KLRT-TV,"Visually, this movie is incredibly stunning. I didn't like the original version, but this one is absolutely fantastic. It's easier to follow and the story is more straightforward. This is the rare case where the sequel is better than the original.","Mar 2, 2024",9.0
Laura Hiros,Rincón de cine,"If you like intergalactic shootings, you'll have it; But if you want more and get involved in metaphysics, apocalyptic ecology, religion, mass manipulation, fanaticism and love; You'll also find something to discuss for hours. [Full Review in Spanish]","Mar 2, 2024",8.0
Matthew Lickona,San Diego Reader,"Lawrence of Arrakis meets Dr. Sandworm, or, How I Learned to Stop Worrying and Love the Bene Gesserit...The result is a blockbuster space opera that plays like a downbeat drama — we’re a long, long way from that famous galaxy far, far away.","Mar 2, 2024",6.0
Ryan Syrek,"The Reader (Omaha, NE)","I'm the biggest sucker on this planet for space opera shenanigans and proud giver-of-an-A-grade to Jupiter Ascending. With this budget and Villeneuve’s visuals, the worst this could be is a mostly good time. 

Dune 2: The Dunening is a mostly good time.","Mar 2, 2024",8.0
John Urbancich,JMuvies,"The gifted Quebecois filmmaker unleashes all his big guns, including a couple of eyeworthy sandworm-riding experiences that might rock your soul while shaking the large-screen viewing venue at which you likely will be enjoying first-class cinema.","Mar 2, 2024",8.0
Dustin Chase,Galveston Daily News,The magnitude of the story and the level of artistry here is that rare occasion where you become so emersed in what you are watching you forget where you are when the credit roll.,"Mar 2, 2024",9.2
Susan Kamyab,Irving Television,Dune: Part Two was well worth the wait and exceeds all expectations.,"Mar 2, 2024",9.2
Alison Gillmor,Winnipeg Free Press,"For a big Hollywood blockbuster, Dune is unafraid to say some very dark things about religion, politics, power and violence.","Mar 2, 2024",8.0
Stephen Romei,The Australian,"One of the year’s most anticipated films is nice to look at, but is let down by bland acting and a script that does no great service to its impressive cast.","Mar 2, 2024",6.0
Kevin Carr,Fat Guys at the Movies,A vast improvement on the first part with a complete story and epic scope.,"Mar 2, 2024",8.75
Richard Roeper,Chicago Sun-Times,"Even as we marvel at the stunning and immersive and Oscar-level cinematography, editing, score, visual effects, production design and sound in Denis Villeneuve’s Part Two, we’re reminded at every turn that this is an absolutely crazy story...","Mar 2, 2024",7.5
Dhaval Roy,The Times of India,"Dune 2 is more monumental than its predecessor, and if you’re a fan waiting for this big-screen behemoth, head to a theatre pronto.","Mar 2, 2024",9.0
Joseph Robinson,Fish Jelly Films (YouTube),Dune 2 is a visually stunning epic best consumed by those willing to invest in its world.,"Mar 1, 2024",7.0
Saibal Chatterjee,NDTV,"The ending of Dune Part Two is an improvement on the abrupt denouement of the first film, but it might still leave many in the audience a tad dissatisfied. On the positive side, it points to what Villeneuve has always had in mind - a trilogy.","Mar 1, 2024",8.0
Eric Marchen,Rogers TV,An impressive second half to Denis Villeneuve’s sci-fi epic progresses the dense plot instead of just laying the groundwork. It worms its way through imposing narrative obstacles with spicy directorial choices that may be commonly misinterpreted.,"Mar 1, 2024",8.8
Mike McGranaghan,Aisle Seat,The second installment is significantly better. It seems pretty clear that Part One was the movie they had to make in order to do the one they really wanted to make.,"Mar 1, 2024",7.5
Rick Romancito,The Taos News,"This is truly one of most magnificent cinematic achievements of all time. Filled with breathtaking images, stunning action and a story that transcends the science fiction genre.","Mar 1, 2024",9.2
Micheal Compton,Bowling Green Daily News,"Villeneuve has raised the bar with Dune: Part Two, which now takes its place not just as the quintessential adaptation of the beloved novel -- but one of the top level series in its genre.","Mar 1, 2024",8.8
Chris Knight,National Post,"There are many moving parts in Dune: Part 2, but Villeneuve, who absorbed the novels of Frank Herbert as a teenager and has been ruminating on them ever since, proves more than equal to the task of bringing this story to the screen.","Mar 1, 2024",10.0
Jeff Mitchell,Art House Film Wire,"'Dune' is a spectacular, procedural exercise, but 'Dune: Part Two' burns more calories.","Mar 1, 2024",6.25
Dulcie Pearce,The Sun (UK),"Another speaker-rattling Hans Zimmer score powers ominous scenes on the planet Giedi Prime, where we meet the Baron's creepy, hairless heir Feyd-Rautha (a shaven Austin Butler). This second film is odder than the first.","Mar 1, 2024",8.0
Keith Garlington,Keith & the Movies,The sheer craft on display along with the extraordinary storytelling results in an awe-inspiring and mature science-fiction blockbuster that immediately left me hoping for a Part Three.,"Mar 1, 2024",9.0
Collin Garbarino,WORLD,"Dune is an epic adventure, but it’s also a morality tale with one of its main themes being the dangers of co-opting religion for political power.","Mar 1, 2024",10.0
Rick Bentley,"KGET-TV (Bakersfield, CA)","Director/co-writer Denis Villeneuve has shown with “Dune: Part Two” that an action film can also dive deep into political, religious and personal relationships.","Mar 1, 2024",8.0
Sean Chandler,Sean Chandler Talks About,"Dune: Part Two is the counter balance to the recent blockbuster mediocrity. The story is dense. The characters are complex.  The world is captivating, and the production is flawless.  A must see film for sci-fi fans and cinephiles.","Mar 1, 2024",9.2
Brian Viner,Daily Mail (UK),"It was terrific, but exhausting, laboriously introducing us to the inter-planetary empire Herbert imagined, and the various dynasties grappling for power or simply survival.","Mar 1, 2024",8.0
Tim Appelo,AARP Movies for Grownups,"It’s an eye-popping, sonically stunning, highly original story with massively more action, character and plot than the 2021 Dune: Part One.","Mar 1, 2024",8.0
Vincent Mancini,FilmDrunk,"A wildly-entertaining, fully-realized spectacle that cements Villeneuve's place as a best-in-a-generation stylist but raises some questions about his understanding of story.","Mar 1, 2024",8.8
Jeffrey M. Anderson,Common Sense Media,"While this sequel isn't without stuffy, slow spots, it's far more propulsive than its predecessor, and it manages to tell an exceedingly complex story in a gloriously visual and compelling way.","Mar 1, 2024",8.0
Mathew DeKinder,Mat's Entertainment,"“Dune: Part Two” allows writer/director Denis Villeneuve to examine some weighty things like religion, politics and destiny in the middle of a sweeping, epic, visually stunning film. Plus, sandworms!","Mar 1, 2024",10.0
Alan Corr,RTÉ (Ireland),"[Dune 2] reaches a fever pitch of seductive strangeness and operatic drama. It’s a tragedy about the dangers of power and fanatism, a romance, and a superb action movie. Villeneuve’s audacious vision has set a new standard for the cinematic sci-fi epic.","Mar 1, 2024",10.0
Hilary A White,Sunday Independent (Ireland),"Villeneuve... seems somehow able to toggle between horizon-wide action spectacle and patient, up-close intimacy. His Dune project is an at-times breathtaking, thrilling departure for a genre rarely able to take us to genuinely new territory.","Mar 1, 2024",8.0
Luis Bond,Diario las Américas,Denis Villeneuve did what Peter Jackson did with Frank Herbert's work with Tolkien or Francis Ford Coppola with Puzo: a perfect adaptation that enriches the original text with its images.[Full Review in Spanish],"Mar 1, 2024",10.0
Max Weiss,Baltimore Magazine,"I was a fan of first Dune in this series, although I logged similar complaints about its self-seriousness. This one is a little better; the action is just as thrilling but the characters are given more depth.","Mar 1, 2024",7.5
George M. Thomas,Akron Beacon Journal,"Under the guidance of director Denis Villeneuve, it becomes a cinematic experience in that it’s a technical marvel showcasing the best of film with an immersive experience that almost literally knocks the viewers' socks off.","Mar 1, 2024",8.8
John Lui,The Straits Times (Singapore),"The revenge story comes to a satisfying conclusion here, while leaving the door open for more in the saga of Paul Atreides and his journey to becoming the chosen one.","Mar 1, 2024",8.0
Christopher Lloyd,The Film Yap,Visually splendid but a jumbled storytelling mess. Timothée Chalamet seems more like a sullen boy band expat than a galactic messiah. Zendaya is given little to do but glare resentfully for the last 90 minutes.,"Mar 1, 2024",5.0
Paul Whitington,Irish Independent,"It all looks very nice, though deserts have a wearisome colour palate, and Mr Villeneuve fairly flogged the giant worms to death in the first one. It’s all a bit up itself, though Javier Bardem provides sly Life of Brian-style humour.","Mar 1, 2024",6.0
Hernán Ferreirós,La Nación (Argentina),The imaginative visualization of its mise-en-scene makes Dune: Part Two a dazzling spectacle on a scale that is being lost in the streaming era and that requires to be seen on the big screen. [Full review in Spanish],"Mar 1, 2024",8.0
Robert Horton,The Scarecrow,"Part Two is not merely an improvement but almost a different film. Villeneuve's imagination is unleashed here in a way that frequently thrills, even if the actual storytelling is sometimes dutiful; it's more Jodorowsky than Lucas.","Mar 1, 2024",7.5
James Verniere,Boston Herald,Composer Hans Zimmer added a fire engoine to the horn section.,"Mar 1, 2024",8.8
Sean Collier,Pittsburgh Magazine,"Few theatrical experiences, this year or any, will be more dazzling.","Mar 1, 2024",8.0
Ruth Maramis,FlixChatter Film Blog,Part Two is even more mesmerizing than the first. Villeneuve's magnum opus is a visceral escapist entertainment that you could practically feel the desert heat on your skin & sand in your hair.,"Mar 1, 2024",9.0
A.A. Dowd,Digital Trends,Who knew it was possible to be so amazed and so bored at the same time?,"Mar 1, 2024",6.0
Rebecca Murray,Showbiz Junkies,"The performances match the breathtaking visuals, making Dune: Part Two a captivating and immersive cinematic experience.","Mar 1, 2024",9.2
Chris Joyce,Movies and Munchies (YouTube),"Despite veering from the content of the novel, and forgiving the lack of menace Austin Butler created, this was a phenomenal movie filled with glorious action, magnificent visuals and special effects, and passionate and dynamic performances.","Mar 1, 2024",10.0
Kurt Halfyard,ScreenAnarchy,"Any pointed critique might get lost here in the spectacular sunsets, sleek knife fights, opulent wardrobes and blockbuster power. ... It grinds the rough edges off the source material in favour of symmetry and spectacle.","Mar 1, 2024",6.0
André Hereford,"Metro Weekly (Washington, DC)","'Dune: Part Two' gives star Timothée Chalamet richer material to play, but the film still doesn’t quite capture the heart.","Mar 1, 2024",6.0
Jonathan W. Hickman,The Newnan Times-Herald,"This movie, more than the first part, is entirely on author Frank Herbert’s wavelength.","Mar 1, 2024",8.0
Patrick McDonald,"WBGR-FM (93.7 FM - Monroe, WI)","DUNE-heads unite, & props to dir Denis Villenueve & his team for properly delivering Frank Herbert's illuminating sci-fi story of courage and prophecy. Everything you want ... epic battle, romance and loyalty/betrayal is in this incredible film. Perfect!","Mar 1, 2024",10.0
Donald Clarke,Irish Times,"Ultimately, we end up with an abundance of craft and a forest of lore wrapped around personal narratives too flimsy to sustain marching feet.","Mar 1, 2024",6.0
Jackson Weaver,CBC News,"Dune: Part Two is a towering achievement of artistic vision.... The only problem is, like Part One, the only way to accomplish this was to make something that is, for all intents and purposes, not even really a movie.","Mar 1, 2024",8.0
Mark Dujsik,Mark Reviews Movies,"If ... Dune took too much time getting to the point, the ... sequel is, perhaps, in too much of a rush to actually consider the many points it wants to make.","Mar 1, 2024",6.25
Charlotte Simmons,We Got This Covered,"'Dune: Part Two' sets foot back on Arrakis with an ambitious fire in its eye, overcoming its unsteady but understandable hubris with cinematography and production value that comes utterly alive.","Mar 1, 2024",7.0
Alan Zilberman,Spectrum Culture,"Throughout Villeneuve’s career, the director has had a marked disinterest in humanity. No matter the triumph or setback, each plot development and inflection point is as dry as the sands where film takes place.","Mar 1, 2024",5.0
Daniel M. Kimmel,North Shore Movies,"If he can pull off this planned trilogy, the “Dune” films will join “Metropolis” (1927), “2001: A Space Odyssey” (1968), and “Blade Runner” (1982) as among the most significant achievements in science fiction cinema and, indeed, in all film.","Mar 1, 2024",10.0
Nate Adams,The Only Critic,“Dune: Part Two” see’s filmmaker Denis Villeneuve stunningly best his 2021 entry at every spice-dusted turn.,"Mar 1, 2024",9.2
Kevin A. Ranson,MovieCrypt.com,"... believable spectacle on a nigh impossible scale... Chalamet is more than just Willy Wonka (here), evolving from the son of an assassinated duke into a force of nature... it would have been nice to embrace more of the unique trappings of the novels.","Mar 1, 2024",10.0
David Griffiths,Subculture Entertainment,"Dune: Part Two not only continues the brilliance of the first film but is a film that certainly sets a new bar for just how good sci-fi films should be. With stunning visuals, an engaging story and a cast at their very best this is a masterpiece.","Mar 1, 2024",10.0
Lauren Bradshaw,Fangirl Freakout,"Throughout Dune: Part Two, I caught myself looking at the time, not because I was bored and wanted to see how much time was left, but quite the opposite; I was dreading the film ending.","Mar 1, 2024",9.2
Harris Dang,Impulse Gamer,"Dune: Part Two delivers mightily on the promises set in the first film with bountiful aplomb. It sets an incredibly high bar not only for blockbusters in 2024, but for sequels in this century.","Mar 1, 2024",10.0
Steven Prokopy,Third Coast Review,"Splitting the films now makes sense in terms of telling this story properly and patiently, and this feels like the payoff for our patience.","Mar 1, 2024",8.75
Russ Simmons,KKFI-FM (Kansas City),The dazzling visuals and intimate moments help to compensate for the movie’s sometimes plodding pace.,"Mar 1, 2024",8.0
Simon Miraudo,Movie Squad (RTRFM 92.1),"A triumph of craft and storytelling that serves as a potent mirror to the first part, as hubristic political gamesmanship is supplanted by the tragic weaponisation of religion. It also has Javier Bardem surfing a sandworm into battle, so yeah, I loved it.","Mar 1, 2024",10.0
Elias Savada,Film International,"Dune: Part Two succeeds on its many storyline levels, big and small. Passion, power, corruption, oppression, romance, intimacy, and revenge all get their time in this sweeping spectacle.","Mar 1, 2024",9.0
Victoria Luxford,City AM,"Dune: Part Two feels like the right film for this moment. In a post-Barbenheimer world, where big blockbusters can also have something to say, this is the perfect sandstorm of filmmaking, performances, and vision.","Feb 29, 2024",10.0
Jake Wilson,The Age (Australia),"Neither a zippy adventure nor a metaphysical mind-bender, this Dune has the heaviness of an old-fashioned Hollywood epic.","Feb 29, 2024",6.0
Doug Walker,Channel Awesome,This is the Imax experience the Avatar movies wish they could be: a spectacle with grand visuals and EQUALLY grand writing.,"Feb 29, 2024",10.0
Chase Hutchinson,"The Inlander (Spokane, WA)","Regardless of whether there is more to come, this latest chapter emerges as one of the most well-crafted works of cinema you'll see this year. With both spectacle and soul, it is a work that puts all other projects of this scale to absolute shame.","Feb 29, 2024",8.75
Alan Ng,Film Threat,The casual audience will like the incredible imagery of Villeneuve and the A-List cast supporting it.,"Feb 29, 2024",8.5
Odie Henderson,Boston Globe,"“Dune: Part Two” tries to explore ideas about whether an outsider should lead and/or save a race of people, but the half-hearted efforts are almost as bad as if these notions hadn’t been interrogated at all.","Feb 29, 2024",3.0
Peter Rainer,Christian Science Monitor,"The best addition is Austin Butler as the baron’s bald-pated, hypervicious nephew. It’s official: Butler no longer looks or sounds like Elvis Presley.","Feb 29, 2024",6.0
Ty Burr,Ty Burr's Watch List,"“Dune Part 2” is state-of-the-art commercial cinema as it exists in 2024: It takes you someplace far away and brings it up close, with broad archetypes, nods to Big Ideas, and every bit of its vision dotted down to the last pixel.","Feb 29, 2024",7.5
Allison Rose,FlickDirect,The serene beauty of the desert's quiet contrasts starkly with the intense conflict scenes in Dune: Part Two.,"Feb 29, 2024",10.0
Michael J. Casey,Boulder Weekly,"Familiar? You bet. Exciting? Absolutely. ""Dune"" is huge. The whole movie thrums with bombastic images and sound.","Feb 29, 2024",8.0
Eddie Harrison,The List,"...with a larger cast, wider focus and comprehensible, sublime action set-pieces, this vindicates Villeneuve’s gamble to hold back key characters from the first film...a unique brand of inscrutable alien cultures and other-worldly cinematic spice...","Feb 29, 2024",10.0
Nicola Austin,We Have a Hulk,"Dune: Part Two is undoubtedly one of this year’s biggest cinematic experiences as Denis Villeneuve and co. dive deeper into the desert. Outstanding on pretty much all levels, the sequel is visually thrilling and narratively epic.","Feb 29, 2024",10.0
Richard Crouse,Richard Crouse,"Dune Part 2, is a big, wild vision, an answer to the stately elegance of the first film. It’s blockbuster filmmaking writ large, exciting and laced with high stakes.","Feb 29, 2024",8.0
Jonathan Sim,ComingSoon.net,"This is a cinematic, monumental film that is sure to blow audiences away with its pure spectacle.","Feb 29, 2024",7.0
Thomas Stoneham-Judge,ForReel Movie News And Reviews,'Dune Part Two' is another stunning sci-fi achievement from director Denis Villenueve.,"Feb 29, 2024",9.0
Karen Gordon,Original Cin,Denis Villeneuve’s vision makes a powerful conclusion to Dune.,"Feb 29, 2024",8.8
Alistair Harkness,Scotsman,"Yet more than five hours into this saga, and with no real end in sight, all that super-sized spectacle ends up like footprints in a sandstorm: barely leaving an impression beyond the end credits.","Feb 28, 2024",6.0
Peter Gray,The AU Review,"Big, bold, and equally grim as it is amorous, ‘Dune: Part Two’ inimitably balances its blockbuster psyche with an uncomfortable morality.","Feb 28, 2024",8.0
Adam Graham,Detroit News,"Your worm is waiting, jump on and hang on tight.","Feb 28, 2024",8.4
Andrea Zamora,Sensacine,... A science fiction masterpiece. [Full review in Spanish],"Feb 28, 2024",10.0
Hector A. Gonzalez,The Movie Buff,"Dune: Part Two is bigger and bolder than the first installment, with sequences that range from beguiling and creative to brutal and commanding. Yet, he finds himself making some of the same mistakes that injured his 2021 feature.","Feb 28, 2024",6.8
Kevin Maher,Times (UK),"Villeneuve has taken the worst and most preachy bits from Avatar, about how imperialism is fuelled by the exploitation of natural resources, and seemingly repackaged them with an orange Instagram filter and a couple of dozen heavy brass “braaaaam”s...","Feb 28, 2024",4.0
Ricardo Rosado,Fotogramas,"It is precisely this discontinuous narration that makes ""Dune: Part Two"" a more uneven title than what lovers of fan-filled theaters could hope for. [Full review in Spanish]","Feb 28, 2024",8.0
Leigh Paatsch,Herald Sun (Australia),"Movies executed on this sprawling, daunting scale don’t come along every day. Furthermore, movies this large rarely deliver such a massively ambitious, yet finely detailed vision as what we encounter in Dune: Part Two.","Feb 28, 2024",9.0
Ann Hornaday,Washington Post,"“Dune: Part Two” builds a world that’s undeniably spectacular, compressing a sprawling, borderline incomprehensible story into an efficient narrative-delivery system.","Feb 28, 2024",6.25
Frank Swietek,One Guy's Opinion,"A visionary imagining of Herbert’s book on screen... Like its predecessor, this is less a popcorn “Star Wars”-like space adventure than a quasi-art film disguised as popular entertainment.","Feb 28, 2024",8.4
Kyle Logan,Cultured Vultures,"Dune: Part Two is a stunning piece of cinema that brings the world of its source material to life, but can’t deliver a story that matches the brilliance of its world.","Feb 28, 2024",7.0
Christian Toto,HollywoodInToto.com,"Starry sequel is mesmerizing from start to finish, but it's heavier than most sci-fi fare.","Feb 28, 2024",8.75
Michael Burgin,Paste Magazine,"Cinematic escape velocity, instantly achieved. Next stop, Arrakis.","Feb 28, 2024",9.4
Matthew Turner,NME (New Musical Express),"Epic in scope and astonishing in its world-building, Dune: Part Two combines jaw-dropping visuals with imaginative action and morally complex plotting to thrilling effect","Feb 28, 2024",8.0
Jim Schembri,jimschembri.com,"Outstanding...actually makes you feel like you’ve watched something with real dramatic substance – along with awesome, ginormous sandworms.","Feb 28, 2024",8.0
James Berardinelli,ReelViews,"As a big-screen spectacle, Part Two exceeds Part One.","Feb 28, 2024",8.75
Rob Thomas,Madison Movie,"Aside from being such an exquisite technical achievement, what makes “Dune Part Two” a masterpiece is that it’s always interrogating that same story, and why we need to keep telling it to ourselves in our art, in our politics, in our religion.","Feb 28, 2024",10.0
Casey Chong,Casey's Movie Mania,An engrossing sci-fi spectacle.,"Feb 28, 2024",8.0
Cain Noble-Davies,FILMINK (Australia),…a true-blue(-eyed) triumph for modern mainstream cinema and an experience that can make even the biggest of projection screens feel even bigger.,"Feb 28, 2024",9.25
Don Shanahan,Every Movie Has a Lesson,"Short of lassoing a sandworm, for the second film in a row, the screenwriting of Denis Villenueve and Jon Spaihts cannot achieve that next tier of swell and it painfully shows.","Feb 28, 2024",6.0
Dave Lee,Dave Lee Down Under,"An absolute behemoth of filmmaking. A spectacular that truly serves the best cinema has to offer. It’s gigantic, epic, and sprawling... it engulfs your body and buries you in its immense scope and scale... This generation’s 'Return of the King.'","Feb 28, 2024",10.0
Jeff York,The Establishing Shot,"Director Denis Villeneuve’s latest is breathless in scope, action, and artistry.","Feb 27, 2024",10.0
Laura Clifford,Reeling Reviews,"If the first part was full of intrigue, politics and betrayal, the follow-up is its ponderous playing out","Feb 27, 2024",7.6
Jorge Loser,Espinof,"One way or another, if there is a movie so far this year that deserves to be seen on the biggest screen possible, it is this one. [Full review in Spanish]","Feb 27, 2024",10.0
Charles Koplinski,Reel Talk with Chuck and Pam,"Villeneuve’s production is a grand and convincing argument that films – at least of this sort- are required viewing in a theater setting, though even the vast IMAX screens upon which it will be shown will strain to contain this epic vision.","Feb 27, 2024",8.75
José Roberto Landaverde,Cine Premiere,"Dune: Part Two is a work of visceral beauty that proves that large-scale blockbusters can be exciting, mature, and deliver a captivating sci-fi epic. [Full review in Spanish]","Feb 27, 2024",10.0
Hope Madden,MaddWolf,"He immerses us in this world of sand and savagery, providing fully realized reminders of how much Herbert’s original vision has influenced iconic sci-fi tentpoles such as Mad Max and Star Wars.","Feb 27, 2024",7.0
Doug Jamieson,The Jam Report,A grand cinematic spectacle that takes its place as one of the greatest sci-fi films ever made,"Feb 27, 2024",10.0
Eric Goldman,Eric Goldman (YouTube),Technically it’s phenomenal. But also what it’s delivering is truly epic and made me appreciate and become more immersed in this world than the first film.,"Feb 27, 2024",8.0
Lynn Venhaus,PopLifeSTL.com...Presents,"A masterful melding of massive spectacle, heartfelt high-stakes performances, and astonishing visual artistry, “Dune: Part Two” expands the mythic hero’s journey to its full potential.","Feb 27, 2024",9.2
Joshua Mackey,Geeks of Color,"Dune: Part Two is lightyears away from its predecessor, becoming a game changer for the science fiction genre. With powerful storytelling and a stronger cast, Dune: Part Two soars where most films dream of.","Feb 26, 2024",10.0
Jeffrey Harris,411mania,"Denis Villeneuve delivers a massive, epic sci-fi spectacle with Dune Part Two, expanding the world and concepts first introduced in the books by Frank Herbert.","Feb 26, 2024",9.0
Josie Meléndez,Screen Speck,"In all likelihood, Dune: Part Two will be revered in film history for years to come – it manages to be unlike anything we’ve seen before, yet comfortably familiar at the same time.","Feb 26, 2024",8.0
Jason Best,What To Watch,"Villeneuve’s construction of Dune’s bizarre universe is done with such conviction that we go along with the story’s portentousness, just as we accept the spectacle of characters hurtling atop giant sandworms like so many chariot-driving Ben-Hurs.","Feb 26, 2024",8.0
Neil Pond,Neil's Entertainment Picks,"A sandy sci-fi spectacle with overtones of a scarily familiar world, a spectacular, sprawling extravaganza that shows the remarkable effects, star-studded casting and thrilling big-screen wallop a budget north of $120 million can get you.","Feb 26, 2024",8.0
Sonny Bunch,The Bulwark,At its best when it uses the epic vistas of the desert to its advantage.,"Feb 25, 2024",7.5
Rendy Jones,Rendy Reviews,Cooking with bolder savory spice – unlike anyone else has ever done with Herbert’s words – Denis Villeneuve's Dune Part Two is a masterpiece.,"Feb 25, 2024",9.0
Brian Eggert,Deep Focus Review,"Beyond tapping into the source material’s vast potential for emotion and sociopolitical commentary, [Villeneuve] applies a formal bravado and seriousness found in history’s most substantial works of science fiction.","Feb 24, 2024",10.0
Marianna Neal,Impression Blend,Denis Villeneuve once again proves that he has desert power.,"Feb 24, 2024",10.0
Manjusha Radhakrishnan,Gulf News (UAE),Director Denis Villeneuve comes up with a cracker of a starry action-laden sequel.,"Feb 24, 2024",8.0
Howard Waldstein,CBR,Villeneuve has gone beyond his influences to create a hefty piece of sci-fi world-building that is lost in the spate of films that need to have delineated heroes and villains.,"Feb 24, 2024",9.0
Christy Lemire,Breakfast All Day,There is an emotional depth to it that's missing in the worldbuilding of the initial installment.,"Feb 23, 2024",9.0
Katherine McLaughlin,SciFiNow,"Villeneuve’s bold stylistic choices, along with the penetrating score by Hans Zimmer result in a film that intensely washes over the senses as it pummels the viewer with beauty and brutality.","Feb 23, 2024",10.0
Hayden Mears,Starburst,"Granted, a number of character arcs and subplots are resolved perfunctorily, and a handful of defining moments get zero time to breathe. The rest of it, though? The rest of it is impressively close to perfect.","Feb 23, 2024",8.0
Luis Martínez,El Mundo (Spain),"Denis Villeneuve magnifies the myth of his creation with a pluperfect staging, both epic and poetic, of Frank Herbert's text. [Full review in Spanish]","Feb 23, 2024",8.0
Randy Myers,San Jose Mercury News,"It rivals 2015’s “Mad Max: Fury Road” as a staggering, monumental achievement in genre filmmaking and reminds us what truly talented movie directors can do.","Feb 23, 2024",10.0
Kelechi Ehenulo,Movie Marker,"Dune: Part Two is a momentous, jaw-dropping and masterful achievement in cinema that stakes its claim to be the best film of 2024.","Feb 23, 2024",10.0
Katie Smith-Wong,Flick Feast,"A feast for the eyes...Dune: Part Two's jaw-dropping epicness is enough to satisfy one's appetite for spice, cementing itself as one of the best sci-fi sequels of this century.","Feb 23, 2024",8.0
Elliott Collins,Movie Files,"Sci-Fi fans rejoice, DUNE PART 2 is truly remarkable! Denis Villeneuve achieves perfection in this immersive cinematic experience, which includes Zimmer's masterful score and Fraser's best work yet. This is a genuine sci-fi masterpiece!","Feb 23, 2024",10.0
Richard Whittaker,Austin Chronicle,"While the war may be portrayed as a jaw-dropping spectacle, the answers to all those political and moral questions may leave the audience deeply uncomfortable. Herbert would be proud.","Feb 22, 2024",8.0
Razmig Bedirian,The National (UAE),"The film has the makings of a contemporary classic, with the only downside being that we’ll have to wait another few years to see how tensions unfold.","Feb 22, 2024",10.0
Rachel Ho,Exclaim!,"In a film that could have rested on being a visual masterpiece, Villeneuve stays true to the humanity of his direction.","Feb 22, 2024",9.0
Manuel São Bento,Talking Films,"Dune: Part Two surpasses even the highest expectations, establishing itself as an unquestionable technical masterpiece of blockbuster filmmaking.","Feb 22, 2024",9.6
Patrick Cavanaugh,ComicBook.com,"While not quite as groundbreaking as the debut film, Denis Villeneuve pays faithful respect to the source material by putting a complex story ahead of action-oriented spectacle.","Feb 22, 2024",8.0
Lupe Rodriguez Haas,CineMovie.tv,"The sequel is slower paced than the first installment with the director taking time for Paul Atreides (Timothée Chalamet) to prove himself the messiah to the Freman, which left little time for Paul’s transition.","Feb 22, 2024",8.4
Dominic Griffin,The Armchair Auteur,"Villenueve has put forth considerable effort to mitigate potential issues with the novel's 'white savior' material, but in the end, has made a movie that is entirely too rad and 'dudes rock' for those efforts to matter or be particularly effective.","Feb 22, 2024",8.0
J. Don Birnam,Above the Line,"A stunning below the line masterpiece that takes surprising and even dark tones, with brilliant performances by Chalamet and Ferguson, even if the story goes by very fast at the core of the film.","Feb 22, 2024",8.8
Jenn Adams,Strong Female Antagonist,"Villeneuve’s second chapter tops it’s fantastic predecessor in every possible way with exquisite set pieces, gorgeous visual design, astounding action, and a stunning cast.","Feb 22, 2024",9.6
Stephen Silver,The SS Ben Hecht,"Manages to keep the storytelling relatively straight and find a human element within all the dense mythology- plus, it's consistently exciting.","Feb 22, 2024",9.0
Wenlei Ma,The Nightly (AU),"The sequel, while impressive, loses the restraint and elegance of the first film, leaning more towards a blockbuster experience. The quiet confidence of Part One has morphed into unshackled bravura in Part Two.","Feb 22, 2024",7.0
Lee McCoy,DrumDums,"Dune Part Two is Empire Strikes Back level great. You have a lead character put to the test and rising to the occasion in epic fashion. The scale is dynamic, and Butler's portrayal is wildly hypnotic and menacing. This is greatness on every level.","Feb 22, 2024",10.0
Leo Brady,AMovieGuy.com,Dune: Part Two is an epic continuation and builds the potential of what could be one of the greatest science fiction trilogies of all time.,"Feb 22, 2024",10.0
Alan French,Sunshine State Cineplex,"With an impeccable cast and even grander ambition on display, Dune: Part Two soars as a feat of storytelling. It’s destined to join the ranks of the great sequels and visually stuns at every turn.","Feb 22, 2024",9.0
Perri Nemiroff,Perri Nemiroff (YouTube),"Blockbuster and IP filmmaking at its finest. Dune: Part Two rocks a script that doesn’t shy away from character complexities, and does a shockingly solid job of reacquainting viewers with the Dune chessboard while adding more pieces to it.","Feb 22, 2024",8.0
Kevin Slane,Boston.com,"“Dune: Part Two” not only does justice to Herbert’s groundbreaking novel, it eclipses 2021’s “Dune” both in scale and ambition.","Feb 21, 2024",8.75
Jake Coyle,Associated Press,"Villeneuve’s great talent lies, I think, in invocation. He may be less perfect when it comes to conclusions but he’s brilliant at summoning -- a sense of doom, a suddenly appeared spacecraft, a sandworm.","Feb 21, 2024",7.5
Robert Kojder,Flickering Myth,"Emotion and hero's journey complexity course through Denis Villeneuve’s Dune: Part Two like spice, ensuring viewers stay alert and riveted by the sweeping story in addition to basking in astonishing audio/visual spectacle","Feb 21, 2024",8.0
Rachel Leishman,The Mary Sue,Dune: Part Two is a truly stunning visual spectacle with a hero’s journey at its heart and is a film that you want to see on the biggest screen possible.,"Feb 21, 2024",10.0
Matt Oakes,Silver Screen Riot,"A triumphant middle chapter that grapples with inner darkness, ruminative notions of prophecy and destiny, romantic entanglement, and familial tragedy in what is set to be one of the great trilogies and a true modern masterwork.","Feb 21, 2024",9.2
Bob Chipman,Moviebob Central,If you're casting a hero whose Chosen One origin is 'I'm The Chosen One: I Have A Note From My Mommy.' Timothée Night Shyamalan is the actor you want.,"Feb 21, 2024",7.0
Paul McGuire Grimes,Paul's Trip to the Movies,"Dune Part Two is a thrilling edge of your seat epic with high stakes, breathtaking filmmaking, and lasting visuals that are all enhanced by another Hans Zimmer score that deepens its emotional core.","Feb 21, 2024",9.0
Scott Mendelson,The Outside Scoop (Substack),"Denis Villeneuve's sci-fi sequel suffers from some of the same issues as its predecessor, but 'Dune Part Two' such a well-made and well-acted mega-movie that it barely matters","Feb 21, 2024",7.0
Katie Walsh,Tribune News Service,"A spectacular feat of science-fiction filmmaking, marrying immersive world-building with engrossing storytelling.","Feb 21, 2024",10.0
Murtada Elfadl,AV Club,"As blockbuster movies go, Dune: Part Two is a thrilling ride that totally earns its two-and-a-half-hour running time. The filmmakers add much-needed heft to their display of virtuoso filmmaking by adding serious real-life themes.","Feb 21, 2024",8.0
Julian Roman,MovieWeb,"Denis Villeneuve's Dune: Part Two shatters already sky-high expectations by immersing the viewer in a deeply layered, complex narrative. The film takes a Game of Thrones approach to the brutality, politics, and spiritual machinations of fiery revenge.","Feb 21, 2024",9.0
Travis Hopson,Punch Drunk Critics,He has created an exceptional film and a franchise that has set a new standard for sci-fi.,"Feb 21, 2024",8.0
Karl Delossantos,Smash Cut Reviews,Dune: Part Two is a The Empire Strikes Back or The Return of the King-level event. A science fiction classic in the making that’ll inspire the next generation of science fiction and fantasy films.,"Feb 21, 2024",10.0
Mike Massie,Gone With The Twins,It’s difficult not to get wrapped up in the visuals; the way in which the Dune novel’s many signature characters and adventures are realized are simply stunning.,"Feb 21, 2024",6.0
Brian Orndorf,Blu-ray.com,"An absorbing viewing experience and wholly immersive descent into sci-fi storytelling, frequently sold with incredible magnitude.","Feb 21, 2024",8.4
Josh Larsen,LarsenOnFilm,...gets in your nostrils...,"Feb 21, 2024",7.5
Jon Negroni,InBetweenDrafts,The only major issue I can even find with Dune: Part Two is that we had to sit through all of Dune: Part One just to get to the movie Denis Villeneuve actually wanted to make.,"Feb 21, 2024",8.5
Dan Murrell,Dan Murrell Reviews,"I know that people use this as a meme, but, whatever. This is cinema. This is why big screen cinematic experiences exist.","Feb 21, 2024",8.8
Preston Barta,Denton Record-Chronicle,"‘Dune: Part Two’ turns up the cinematic heat with a darker, more involving chapter. [It's] the epitome of cerebral entertainment.","Feb 21, 2024",9.0
Dylan Roth,Observer,"Though visually a knock-out, Denis Villeneuve's second installment repeatedly sheds momentum, something no 166-minute epic can afford to lose.","Feb 21, 2024",6.25
Jason Gorber,That Shelf,"Villeneuve amps up the operatic elements in this dense, beautiful, brash second chapter. The messy messianic message is filtered through modern eyes to its benefit, and in the end this game of thrones is as bloody and brilliant as hoped for","Feb 21, 2024",9.2
David Crow,Den of Geek,"The film is a feverish dream of another world that feels as real and elusive as sand slipping through your fingertips... It's a place one would never want to be, and yet you do not want to leave.","Feb 21, 2024",10.0
Austin Burke,Austin Burke/Flick Fan Nation,"Part Two surpasses the first in almost every way. It is a technical masterpiece, as expected, but even the writing is a step up. It left me with this beautiful feeling that I had just experienced something truly special.","Feb 21, 2024",10.0
Michael Phillips,Chicago Tribune,"What Villeneuve and company achieve in Dune: Part Two is every bit as impressive and, in its peak imagery, hypnotic as part one.","Feb 21, 2024",7.5
Graeme Guttmann,Screen Rant,"Dune: Part Two is an awe-inspiring, visually stunning sci-fi spectacle and a devastating collision of myth and destiny on a galactic scale","Feb 21, 2024",9.0
David Reddish,Wealth of Geeks,"In an era when old sci-fi war horses Star Trek and Star Wars have stalled their big screen outings, and, at a time when sequels and reboots galore die at the box office, thank God for Dune Part Two.","Feb 21, 2024",10.0
Peter Howell,Toronto Star,"The movie fairly throbs with conflicts and intrigues, all the more so if you see it on an IMAX screen with the deep bass of Hans Zimmer’s majestic score rumbling through your body.","Feb 21, 2024",10.0
Danny Leigh,Financial Times,"It may take five and a half hours for his character to truly come to life, but two films in, Chalamet’s evolution as Paul gives everything a center.","Feb 21, 2024",8.0
Bill Goodykoontz,Arizona Republic,"It shouldn’t work, honestly. There’s too much going on in too many directions at the same time. But Villeneuve brings it all together somehow.","Feb 21, 2024",7.0
Tessa Smith,Mama's Geeky,"A true epic, this film is visually stunning, intense and suspenseful, and boasts a phenomenal cast who all bring their A-game. Timothée Chalamet is on another level.","Feb 21, 2024",10.0
Cameron Frew,Dexerto,Dune: Part Two is a screen-quaking cinematic landmark that should hold the future of blockbuster filmmaking accountable.,"Feb 21, 2024",8.0
David Jenkins,Little White Lies,"The last act doesn't quite land, but the opening two hours make for some of Villeneuve's finest work.","Feb 21, 2024",8.0
James Preston Poole,But Why Tho? A Geek Community,"…In an era where heroism and saviors are taken at face value, Dune: Part Two redefines what kind of stories blockbusters can tell.","Feb 21, 2024",10.0
Rafer Guzman,Newsday,A deeper and richer sequel aimed at grown-up sci-fi fans.,"Feb 21, 2024",7.5
Robbie Collin,Daily Telegraph (UK),"The technology here is magic: something to be felt in your soul, not puzzled out in your head.","Feb 21, 2024",8.0
Johnny Oleksinski,New York Post,"Our blockbuster drought is over, thanks to a brilliant sequel set on a sweltering desert planet.","Feb 21, 2024",10.0
Brian Truitt,USA Today,"Part Two rights the cosmic battleship with plenty of staggering visuals, all the gigantic sandworms you’d ever want, plus a deeper thematic exploration of power, colonialism and religion.","Feb 21, 2024",8.75
Tom Jorgensen,IGN Movies,"Featuring absolutely staggering visuals, Dune: Part Two is an arresting, transportive middle entry in Denis Villeneuve’s tricky sci-fi saga.","Feb 21, 2024",8.0
Kaitlyn Booth,Bleeding Cool,"Dune: Part Two has a few issues, most of which can be linked back to the decision to make this a true Part One and Part Two experience, but they aren't pervasive enough to ruin an overall excellent film.","Feb 21, 2024",9.0
Peter Bradshaw,Guardian,This is a real epic and it is exhilarating to find a film-maker thinking as big as this.,"Feb 21, 2024",8.0
Danielle Solzman,Solzy at the Movies,Dune: Part 2 is an epic experience on the big screen.,"Feb 21, 2024",9.0
Nicholas Barber,BBC.com,"You might expect a big-budget space opera to exhilarate you and move you, and on those terms Villeneuve's sprawling, pretentious folly has to count as an abject failure. But if you want to feel awestruck, that's another matter.","Feb 21, 2024",6.0
Aaron Neuwirth,We Live Entertainment,Blockbuster filmmaking at its finest... There’s so much accomplished here that stems from the confidence of the filmmakers involved and their trust in the audience’s willingness to dive even deeper into the world of Arrakis.,"Feb 21, 2024",9.0
Nick Newman,The Film Stage,"It takes a good stretch of precious screentime for Part Two to play as anything other than a thoroughgoing, checklist-meeting obligation bolstered by obvious craft.","Feb 21, 2024",7.2
Soren Andersen,Seattle Times,Director Denis Villeneuve’s adaptation of Frank Herbert’s sprawling sci-fi classic is true to its source material in terms of scope (it’s huge!) and complexity (its plotting is very dense).,"Feb 21, 2024",7.5
Ben Travis,Empire Magazine,Another epic helping of sci-fi wildness from Denis Villeneuve that’ll take true believers to paradise — even if it’s a bit too much Spice to digest in one sitting.,"Feb 21, 2024",8.0
Courtney Howard,Fresh Fiction,"Immersive, impressive, and wildly exhilarating, it’s an adrenaline rush to the head and heart, soaring in its breathtaking action sequences as much as it sings in its refined, evocative stillness.","Feb 21, 2024",9.2
Nick Howells,London Evening Standard,"This is sharper, slicker, more resonant than the first installment.","Feb 21, 2024",10.0
Clarisse Loughrey,Independent (UK),"There are moments in Dune: Part Two that feel so audacious, they play out as if they were already etched onto the cinematic canon.","Feb 21, 2024",10.0
Chris Evangelista,Slashfilm,"""Dune: Part Two"" is a rare big, expensive blockbuster with a lot on its mind.","Feb 21, 2024",7.0
Mark Cassidy,ComicBookMovie.com,"Denis Villeneuve [delivers] another cinematic tour de force in Dune: Part Two; a hugely ambitious, contemplative sci-fi epic... which may also be the bleakest blockbuster ever made.","Feb 21, 2024",10.0
Kevin Harley,Total Film,"Could Herbert’s trippy Dune Messiah be adapted next, as teased? Tall order, that. But on the strength of this extravagantly, rigorously realized vision, make no mistake: Villeneuve is the man to see a way through that delirious desert storm.","Feb 21, 2024",10.0
Clint Worthington,The Spool,"Villeneuve’s bold, brash presentation can sometimes feel bereft of personality, but it’s not short on vision, which it has in spades.","Feb 21, 2024",8.5
Linda Marric,HeyUGuys,"A masterpiece of breath-taking landscapes, incredible special effects and awe-inspiring action. Dune: Part Two is a complex and gorgeously layered production that could well be Villeneuve's best work to date.","Feb 21, 2024",10.0
Fico Cangiano,CineXpress,Glorious! A cinematic masterpiece in all of its splendor. Villeneuve has outdone himself. Even better than Part One. The production and filmmaking are god tier. [Full review in Spanish],"Feb 21, 2024",9.0
Reuben Baron,Looper.com,Dune: Part Two is as huge an improvement upon its predecessor as The Dark Knight was to Batman Begins.,"Feb 21, 2024",9.0
David Ehrlich,indieWire,"Not only does this new movie pick up exactly where the last one left off, it also carries over the strengths and weaknesses that made the previous chapter so astonishing to look at but stultifying to watch.","Feb 21, 2024",6.8
Liz Shannon Miller,Consequence,"The story may never break free of its more dated tropes, but the Dune movies represent a remarkable collection of talent coming together to, if nothing else, remind us of the power of epic storytelling on a big screen.","Feb 21, 2024",8.4
Brian Tallerico,RogerEbert.com,"“Dune: Part Two” is a robust piece of filmmaking, a reminder that this kind of broad-scale blockbuster can be done with artistry and flair.","Feb 21, 2024",8.75
Zach Pope,Zach Pope Reviews,Dune Part 2 left me speechless. A powerhouse epic masterpiece that becomes the TWO TOWERS of this decade. A special type of movie that only comes around every so often & will make you believe in what the magic of filmmaking can create.,"Feb 21, 2024",9.6
Jeff Nelson,Guy at the Movies,Dune: Part Two is a visually-monumental blockbuster that excels in cinematic spectacle.,"Feb 21, 2024",8.0
Matt Singer,ScreenCrush,Stands in stark contrast to so many other shallow blockbusters of recent years.,"Feb 21, 2024",8.0
Therese Lacson,Collider,"Movies are always enjoyed best on the biggest screen, but never has a movie demanded an IMAX screen more than Dune: Part Two. Get yourself to the biggest screen you can to enjoy this.","Feb 21, 2024",8.0
Mireia Mullor,Digital Spy,"Dune: Part Two is as visually stunning and epic as the first movie, wrapping up this near-perfect two-part adaptation of Frank Herbert's book with an even more impressive cast in an action-packed epic.","Feb 21, 2024",8.0
Joey Magidson,Awards Radar,Dune: Part Two delivers on the promise of the prior installment and showcases epic science fiction on the grandest of scales.,"Feb 21, 2024",8.75
Matt Rodriguez,Shakefire,"Dune: Part Two builds upon what the first film established, expanding and improving this deeply rich and complex universe in nearly every aspect.","Feb 21, 2024",10.0
M.N. Miller,InSession Film,"Dune: Part 2 is the year's first great film, and you won't see a bigger or better blockbuster all year... a sophisticated sci-fi masterpiece, an instant classic, and an unprecedented sequel.","Feb 21, 2024",9.6
Rodrigo Perez,The Playlist,"Reminiscent of the way Zack Snyder always goes maximum-effort operatic, but with a sense of discerning taste, Denis Villeneuve’s film is ultimately awe-inspiring and an immersive cinematic spectacle that is often breathtaking.","Feb 21, 2024",8.4
Jake Cole,Slant Magazine,"Denis Villeneuve’s film, like its predecessor, offers an object lesson in the visual splendor made possible by meticulously storyboarded minimalist maximalism.","Feb 21, 2024",8.75
Sheraz Farooqi,CinemaDebate,"An incredibly innovative film, with jaw-dropping visuals, powerful performances, an impeccable score, and complex themes, Dune Part II is the closest a blockbuster has been to perfection since The Lord of the Rings.","Feb 21, 2024",10.0
Christie Cronan,Raising Whasians,"A spicy sequel that is ultimately a full sensory experience, one of the rare film sequels that is better than the predecessor.","Feb 21, 2024",9.0
